<?xml version="1.0" encoding="utf-8"?>
<!-- Generated by JetBrains Inspect Code 2021.3 EAP 7 -->
<Report ToolsVersion="213.0.20211105.80453-eap07">
  <Information>
    <Solution>ConsoleApp1.sln</Solution>
    <InspectionScope>
      <Element>Solution</Element>
    </InspectionScope>
  </Information>
  <IssueTypes>
    <IssueType Id="ClassNeverInstantiated.Global" Category="Potential Code Quality Issues" CategoryId="CodeSmell" SubCategory="Class is never instantiated" Description="Class is never instantiated: Non-private accessibility" Severity="SUGGESTION" Global="True" WikiUrl="https://www.jetbrains.com/resharperplatform/help?Keyword=ClassNeverInstantiated.Global" />
    <IssueType Id="HeapView.BoxingAllocation" Category="[Heap Allocations Plugin] Allocation hints" CategoryId="AllocationHints" Description="Boxing allocation" Severity="WARNING" />
    <IssueType Id="NotAccessedVariable.Compiler" Category="Compiler Warnings" CategoryId="CompilerWarnings" Description="Non-accessed local variable" Severity="WARNING" />
    <IssueType Id="UnusedMember.Local" Category="Redundancies in Symbol Declarations" CategoryId="DeclarationRedundancy" SubCategory="Type member is never used" Description="Type member is never used: Private accessibility" Severity="WARNING" WikiUrl="https://www.jetbrains.com/resharperplatform/help?Keyword=UnusedMember.Local" />
    <IssueType Id="UnusedParameter.Local" Category="Redundancies in Symbol Declarations" CategoryId="DeclarationRedundancy" SubCategory="Unused parameter" Description="Unused parameter: Private accessibility" Severity="WARNING" />
    <IssueType Id="UnusedType.Local" Category="Redundancies in Symbol Declarations" CategoryId="DeclarationRedundancy" SubCategory="Type is never used" Description="Type is never used: Private accessibility" Severity="WARNING" WikiUrl="https://www.jetbrains.com/resharperplatform/help?Keyword=UnusedType.Local" />
    <IssueType Id="UnusedVariable" Category="Redundancies in Symbol Declarations" CategoryId="DeclarationRedundancy" Description="Unused local variable" Severity="WARNING" WikiUrl="https://www.jetbrains.com/resharperplatform/help?Keyword=UnusedVariable" />
  </IssueTypes>
  <Issues>
    <Project Name="ConsoleApp1">
      <Issue TypeId="ClassNeverInstantiated.Global" File="ConsoleApp1\Program.cs" Offset="62-69" Line="5" Message="Class 'Program' is never instantiated" />
      <Issue TypeId="UnusedParameter.Local" File="ConsoleApp1\Program.cs" Offset="112-116" Line="7" Message="Parameter 'args' is never used" />
      <Issue TypeId="UnusedType.Local" File="ConsoleApp1\Program.cs" Offset="206-212" Line="12" Message="Struct 'Boxing' is never used" />
      <Issue TypeId="UnusedMember.Local" File="ConsoleApp1\Program.cs" Offset="242-243" Line="14" Message="Method 'M' is never used (except inside its declaration)" />
      <Issue TypeId="HeapView.BoxingAllocation" File="ConsoleApp1\Program.cs" Offset="299-301" Line="16" Message="Boxing allocation: conversion from 'int' to 'object' requires boxing of value type" />
      <Issue TypeId="UnusedVariable" File="ConsoleApp1\Program.cs" Offset="381-385" Line="17" Message="Local variable 'path' is never used" />
      <Issue TypeId="UnusedVariable" File="ConsoleApp1\Program.cs" Offset="465-469" Line="18" Message="Local variable 'code' is never used" />
      <Issue TypeId="HeapView.BoxingAllocation" File="ConsoleApp1\Program.cs" Offset="477-488" Line="18" Message="Boxing allocation: inherited 'System.Object' virtual method call on value type instance" />
      <Issue TypeId="UnusedVariable" File="ConsoleApp1\Program.cs" Offset="564-569" Line="19" Message="Local variable 'caseA' is never used" />
      <Issue TypeId="HeapView.BoxingAllocation" File="ConsoleApp1\Program.cs" Offset="576-584" Line="19" Message="Boxing allocation: inherited 'System.Object' virtual method call on value type instance" />
      <Issue TypeId="NotAccessedVariable.Compiler" File="ConsoleApp1\Program.cs" Offset="644-654" Line="20" Message="Local variable 'comparable' is only assigned but its value is never used" />
      <Issue TypeId="HeapView.BoxingAllocation" File="ConsoleApp1\Program.cs" Offset="659-660" Line="20" Message="Boxing allocation: conversion from 'ConsoleApp1.Program.Boxing.E' to 'IComparable' requires boxing of value type" />
      <Issue TypeId="UnusedVariable" File="ConsoleApp1\Program.cs" Offset="738-744" Line="21" Message="Local variable 'action' is never used" />
      <Issue TypeId="HeapView.BoxingAllocation" File="ConsoleApp1\Program.cs" Offset="752-753" Line="21" Message="Boxing allocation: conversion of value type 'Boxing' instance method to 'Action&lt;string&gt;' delegate type" />
      <Issue TypeId="UnusedVariable" File="ConsoleApp1\Program.cs" Offset="812-816" Line="22" Message="Local variable 'type' is never used" />
      <Issue TypeId="HeapView.BoxingAllocation" File="ConsoleApp1\Program.cs" Offset="824-831" Line="22" Message="Boxing allocation: inherited 'System.Object' virtual method call on value type instance" />
      <Issue TypeId="UnusedMember.Local" File="ConsoleApp1\Program.cs" Offset="917-918" Line="25" Message="Enum member 'B' is never used" />
      <Issue TypeId="UnusedMember.Local" File="ConsoleApp1\Program.cs" Offset="920-921" Line="25" Message="Enum member 'C' is never used" />
    </Project>
  </Issues>
</Report>